{"ETH-USD": {"max": 2699.872802734375, "min": 2264.28759765625}, "BTC-USD": {"max": 64733.55859375, "min": 57643.33203125}}