{"ETH-USD": {"max": 2699.872802734375, "min": 2279.139404296875, "maxVol": 274033664}, "BTC-USD": {"max": 64733.55859375, "min": 57643.33203125, "maxVol":274033664}}